comment,sentiment
Free for Life,Neutral
DM Cashback CC free for life 0504941341,Neutral
EIB CARD CONTACT 0563473457 SWITCH CASHBACK CREDIT CARD 500 WELCOME BONUS Lifestyle Category Flat 4 Cashback on Supermarkets Flat 4 Cashback on Dining Flat 4 Cashback on Education Flat 8 Cashback on fuel Flat 1 Cashback on Other spends Telecom Utilities RE Govt spends 05 Cashback Travel Category Flat 4 Cashback on Airlines Flat 4 Cashback on Hotels Flat 4 Cashback on Dining Flat 1 Cashback on Other spends Telecom Utilities RE Govt spends 05 Cashback Two Rounds of Golf every Month One valet parking every month Unlimited Airport lounges access Access to Dubai ladies Club 2 Buy 1 Get 1 On Reel Cinemas and VOX Cinema any day of the week,Neutral
Go for any credit card which offers those driving license expenses into installment plans without any fees and also offers good credit limitwill be easy when you specify your requirements much betterAlso if youre planning to get a car in the near future Auto loan I would suggest you to reconsider getting a new card,Neutral
Heres the ones I got ENBD U by Emaar FAB Platinum DIB Prime Platinum EIB RTA RAK Titanium PS I went for Zero Annual Fees and Cashback Dont go for the ones agents recommend you Do your research and select,Neutral
Sadly doesnt seem to fit my needs I dont use most of those features,Neutral
Free for first year,Neutral
Even less appealing,Neutral
Id have loved to show you other cards but unfortunately its above the salary you mentioned Anyways good luck,Neutral
